"8500 LEESBURG PIKE, SUITE #404, VIENNA, VA 22182",38.9262090,-77.2379380,VA,
"107 NORTHERN BLVD STE 401,GREAT NECK,NEW YORK,USA",42.9624640,-74.1589860,NY,
"13126 SOUTH BROADWAY, LOS ANGELES, CA 90061",33.9129990,-118.2782320,CA,
"475 N MARTINGALE RD, STE 710, SCHAUMBURG, IL",42.0362082,-88.0345383, IL,
"101 METRO DRIVE STE 345, SAN JOSE, CA",37.3692040,-121.9174970,CA,
"3003 N FIRST ST #225 SUITE 332, SAN JOSE, CA",37.3926506,-121.9336763,CA,
"1480 RENAISSANCE DR. SUITE 412, PARK RIDGE, IL",46.8824140,-113.9406120,IL,
"475 N MARTINGALE RD, STE 710, SCHAUMBURG, IL",42.0362162,-88.0344310,IL,
"300 INDUSTRIAL PARK DR. ROGERSVILLE, TN",36.3870639,-83.0364433,TN,
"2400 E. DEVON AVE., SUITE 283, DES PLAINES, IL",53.3633540,-113.7316990,IL,
"3000 TOWNCENTER SUIT#1325, SOUTHFIELD, MI, USA",42.4781550,83.2462490,MI,
"475 N MARTINGALE RD, STE 710, SCHAUMBURG, IL",42.0361684,-88.0345061,IL,
"475 N MARTINGALE RD, STE 710, SCHAUMBURG, IL",42.0361684,-88.0345061,IL,
"20271 GOLDENROD LANE, 2ND FLOOR, GERMANTOWN, MD 20877",39.1868600,-77.2504130,MD,
"4801 WILSHIRE BLVD STE 104, LOS ANGELES, CA 90010",40.8225900,-96.6535290,CA,
"19700 S VERMONT AVE. STE 200 TORRANCE, CA 90502",33.8522240,-118.2904160,CA,
"475 N MARTINGALE RD, STE 710, SCHAUMBURG, IL",42.0361684,-88.0345061,IL,
"1261 WILEY ROAD UNIT F SCHAUMBURG, IL",33.6407830,-88.3796650,IL,
"3003 N. 1ST ST. SAN JOSE, CA",37.3925824,-121.9336548,CA,
"5826 US HWY 31 N., LUVERNE, AL",42.7756850,-75.2565660,AL,
"3003 NORTH FIRST STREET #207, SAN JOSE, CALIFORNIA",37.3926250,-121.9335797,CA,
"46560 FREMONT BOULEVARD STE 411, FREMONT, 
CA",37.4830710,-121.9455540,CA,
"1154 CADILLAC COURT, . MILPITAS, CA 95035, USA",37.4443600,-121.9168590,CA,
"1952 GALLOWS ROAD, VIENNA, VA, 22182, UNITED STATES",37.0878810,-79.3798210,VA,
"888 N CENTRAL AVE. WOOD DALE, IL",45.5292770,-122.4185190,IL,
"6210 BONNY OAKS DR CHATTANOOGA, TN",35.0741290,-85.1799240,TN,
365 HERNDON PKWY STE 18 VA 20170,38.9628760,-77.3709610,VA,
"463 7TH AVE RM 1302,NEW YORK,NEW YORK,USA",40.7517780,-73.9898310,NY,
"20 GOODYEAR, IRVINE, CA 92618",33.6499980,-117.7085720,CA,
"4801 WILSHIRE BLVD., STE 240, LOS ANGELES, CA 90010",40.8225900,-96.6535290,CA,
"4801 WILSHIRE BLVD., SUITE 301 LOS ANGELES CA",40.8225900,-96.6535290,CA,
"4801 WILSHIRE BLVD., SUITE 301, LOS ANGELES, CA",40.8225900,-96.6535290,CA,
"19500 VICTOR PKWY LIVONIA, SUITE120, MICHIGAN",42.4317130,-83.4224140,MI,
"850 STEPHENSON HWY SUITE 400 TROY, MI, USA",42.5427360,-83.1206770,MI,
"1441 E. MAPLE RD, SUITE 300 TROY, MI",37.5465280,-97.2511060,MI,
"7950 DIXIE HWY FLORENCE, KY",38.1358750,-85.8447130,KY,
257 MAWSONS WAY SC 29108,34.2878350,-81.5458830,SC,
3890 STEVE REYNOLDS BLVD.,33.9391460,-84.1350660,GA,
"7350-E LOCKPORT PL, LORTON, VA 22079",38.7151240,-77.1954920,VA,
"3863 CENTERVIEW DR, CHANTILLY, VA 20151, USA",38.8976680,-77.4294010,VA,
"3003 NORTH 1ST ST., SAN JOSE, CA 95134, USA ",37.3925730,-121.9335580,CA,
6400 E 11 MILE RD,42.4907700,-83.0407643,MI,
"120 W 45TH ST STE 1405,NEW YORK,NEW YORK,USA",40.7571700,-73.9839633,NY,
"350 5TH AVE STE 4611,NEW YORK,NEW YORK,USA",40.7486752,-73.9857742,NY,
"451 HUNGERFORD DR #113, ROCKVILLE, MD 20850",39.0896840,-77.1511130,MD,
"	6041 CENTREVILLE CREST LN. CENTREVILLE , VA 20151",38.8363864,-77.4346181,VA,
"7841 ROLLING ROAD #I, SPRINGFIELD, VA 22153",38.7439381,-77.2111000,VA,
"13097 WISTERIA DR #201, GERMANTOWN, MD 20874",39.1790031,-77.2728464,MD,
"17100 PIONEER BLVD., #230, ARTESIA, CA 90701 USA",33.8759034,-118.0807746,CA,
"7765 BILL JOSEPH PKWY, MONTGOMERY, AL",32.2622906,-86.3725307,AL,
"SUITE 909, 529, 14TH STREET, NW, WASHINGTON DC 20045",38.8973639,-77.0312243,WA,
"3325 WILSHIRE BLVD., #628, LOS ANGELES, CA",34.0625103,-118.2949784,CA,
"1435 N. HARBOR BLVD., #4, FULLERTON",33.8851407,-117.9263095,CA,
19818 S ALAMEDA ST COMPTON CA,27.7157099,-97.3382838,CA,
"400 KELBY ST STE 50,FORT LEE,NEW JERSEY,USA",40.8567430,-73.9739530,NJ,
"605 3RD AVE FL 43,NEW YORK,NEW YORK,USA",40.7491928,-73.9751891,NY,
"17305 VON KARMAN AVE, IRVINE, CA 92614, USA",33.6983053,-117.8337427,CA,
"12 N STATE RT 17 STE 103,PARAMUS,NEW JERSEY,USA",43.0230851,-78.7701923,NJ,
"12335 MCCANN DR., SANTA FE SPRINGS, CA",33.9471185,-118.0691903,CA,
"133 PEACHTREE ST NE SUITE 2800, ATLANTA, GA ",33.7574406,-84.3870653,GA,
"2434 MCIVER LN, CARROLLTON TX",32.9209655,-96.9288653,TX,
"4810 NINE MILE ROAD, RICHMOND, VA 23223",37.5457852,-77.3678360,VA,
"10601 FAIRFAX BOULEVARD, FAIRFAX, VA 22030",38.8568873,-77.3106198,VA,
"7777 KIA PKWAY, WESTPOINT GA",32.9102571,-85.1343251,GA,
"3000 ATRIUM WAY STE 400,MOUNT LAUREL,NEW JERSEY,USA",39.9178777,-74.9490507,NJ,
"601 NEWJERSEY AVE.#800 WASHINGTON,DC 20001",38.8980178,-77.0115986,WA,
"475 N MARTINGALE RD, STE 710, SCHAUMBURG, IL",52.4292523,-6.5105622,IL,
"50 TWOSOME DR STE 6,MOORESTOWN,NEW JERSEY,USA",39.9784172,-74.9773946,NJ,
"3411 149TH ST,FLUSHING,NEW YORK,USA",41.7307426,-83.4649706,NY,
"850 STEPHENSON HWY SUITE 400, TROY, MI, USA",42.5427356,-83.1206766,MI,
"2400 RESEARCH BLVD, ROCKVILLE, MD 20850",39.1030275,-77.1878743,MD,
"30 HOWARD ST #100, SAN FRANCISCO, CA",37.7923653,-122.3915105,CA,
"23062 LA CADENA DR., LAGUNA HILLS, CA 92653",33.6260623,-117.7273216,CA,
"5750 WILSHIRE BLVD. SUITE 640, LOS ANGELES, CA 90036",34.0616002,-118.3549475,CA,
"2033 GATEWAY PL, STE 500, SAN JOSE CA",37.3711039,-121.9255785,CA,
"21073 PATHFINDER RD. SUITE 100 DIAMOND BAR, CA",33.9843949,-117.8440143,CA,
"621 HAWAII ST., EL SEGUNDO, CA ",32.5284229,-95.6252780,CA,
"600 WIILSHIRE BLVD, SUITE 1100, LOS ANGELES",34.0481674,-118.2565023,CA,
"1211 CENTER COURT DR., SUITE 212, COVINA, CA 91724",32.3453432,-97.4041843,CA,
"7905 INVERNESS,THE COLONY,TX",33.3854022,-111.6609152,TX,
"8 BARTLES CORNER RD # 204,FLEMINGTON,NEW JERSEY,USA",40.5363119,-74.8558480,NJ,
"375 SYLVAN AVE STE 8,ENGLEWOOD CLIFFS,NEW JERSEY,USA",39.9470096,-83.0869484,NJ,
"225 E. JOHN CARPENTER FREEWAY, STE1000, IRVING",32.8662200,-96.9398151,TX,
"12155 6TH ST, RANCHO CUCAMONGA, CA",44.4199614,-86.1691973,CA,
17785 CENTER COURT DR. SUITE 360 CERRITOS CA,42.3890948,-87.9575896,CA,
"11498 LUNA DR, STE 130, FARMERS BRANCH, TX",38.7679034,-121.3827869,TX,
"340 MILL RD,EDISON,NEW JERSEY,USA",40.4904452,-74.3715169,NJ,
"529, 14TH STREET, NW, WASHINGTON DC 20045 #1081",38.8973305,-77.0311170,WA,
"3003 N FIRST ST #225, SAN JOSE, CA ",37.3924848,-121.9336510,CA,
"840 INDUSTRIAL PARK BLVD, MONTGOMERY",34.4187571,-89.9075897,AL,
"105 CHALLENGER RD,RIDGEFIELD,NEW JERSEY,USA",40.8527530,-74.0107054,NJ,
"6300 KIOTI DR., WENDELL, NC 27591, USA",35.8101711,-78.4203431,NC,
"140 RTE 70 N 301,PARAMUS,NEW JERSEY,USA",11.3041456,124.6016740,NJ,
"3003 N. 1ST ST. SAN JOSE, CA",14.4369995,120.9991093,CA,
"1 UNIVERSITY PLZ STE 603,HACKENSACK,NEW JERSEY,USA",41.1038160,-80.6447982,NJ,
"829 SOUTH LAWSON ST., CITY OF INDUSTRY, CA",35.4579104,-97.3484191,CA,
"400 MADISON AVE RM 14B,NEW YORK,NEW YORK,USA",40.7563578,-73.9768770,NY,
"950 THREADNEEDLE SUITE 270, HOUSTON, TX ",29.7836859,-95.6087505,TX,
"155 GIBBS ST., UNIT 431, ROCKVILLE, MD 20850, USA",39.0867975,-77.1519456,MD,
"1450 W LONGLAKE RD STE 175 TROY, USA",42.6088204,-83.1506247,MI,
"1952 GALLOWS ROAD SUITE 110 VIENNA, VA 22182, USA",37.0878814,-79.3798209,VA,
"221 RIVER ST. STE 9, HOBOKEN NJ ",42.5585319,-71.2897297,NJ,
"4801 WILSHIRE BLVD. SUITE 315, LOS ANGELES, CA",40.8225900,-96.6535290,CA,
"12070 TELEGRAPH RD., SUITE 324, SANTA FE SPRINGS, CA 90670",33.9430126,-118.0759283,CA,
"1 POINTE DR., SUITE 325, BREA, CA, USA",43.2692350,-73.7199636,CA,
"1 POINTE DR. #325, BREA, CA 92821",43.2692350,-73.7199636,CA,
"970 W. 190TH ST., #490, TORRANCE, CA 90502",42.0741450,-94.2875538,CA,
"901 CASTLE RD STE 1,SECAUCUS,NEW JERSEY,USA",44.8172664,-72.9610411,NJ,
"760 CROSSROADS PARKWAY SUITE B BOLINGBROOK, IL 60440",41.6628411,-88.0993495,IL,
"900 WILSHIRE BLVD., SUITE 1100, LOS ANGELES, CA",34.0501521,-118.2603768,CA,
"900 NORTH ACCESS ROAD, FLOOR 2, SAN FRANCISCO, CA",43.1756548,-77.5354921,CA,
"1030 DELTA BLVD, ATLANTA, GA 30354",33.6562438,-84.4241089,GA,
"23703B AIR FREIGHT LANE BLDG. # 6 DULLES, VA 20166",38.9641201,-77.4530341,VA,
"110 E 42ND ST FL 7,NEW YORK,NEW YORK,USA",40.7517171,-73.9770030,NY,
"19700 S VERMONT AVE., SUITE200, TORRANCE, CA",33.8522241,-118.2904160,CA,
"246 W 38TH ST RM 1203,NEW YORK,NEW YORK,USA",40.7541572,-73.9904904,NY,
3295 RIVER EXCHANGE DR NORCROSS GA,33.9696054,-84.2618920,GA,
3295 RIVER EXCHANGE DR NORCROSS GA,33.9696054,-84.2618920,GA,
"24414 MAIN ST. STE 203 CARSON, CA 90745",33.8122866,-118.2752891,CA,
"440 SHATTO PLACE, LOS ANGELES, CA",34.0662396,-118.2898395,CA,
"19750 MAGELLAN DR, TORRANCE, CA",33.8520172,-118.2928260,CA,
"19191 VERMONT AVE # 630, TORRANCE, CA",33.8570534,-118.2906203,CA,
"101 DONG-A DR MARTIN, TN",36.3371705,-88.8175539,TN,
"6600 CHASE OAKS BLVD, SUITE 150, PLANO, TX",29.5208410,-98.6717589,TX,
"NATIONAL PRESS BUILDING, UNIT 837, WASHINGTON DC 20045",45.4221375,-75.7003464,WA,
42001 KOPPERNICK RD CANTON MI,42.3408764,-83.4549461,MI,
"4734 POTATO HOUSE CT., WILSON, NC, USA",35.6584707,-77.9306112,NC,
"11767 KATY FRWY, SUITE 1140, HOUSTON, TX",29.7840863,-95.5931117,TX,
"5801 S MALT AVE., COMMERCE, CA 90040",33.9834970,-118.1464070,CA,
159 CHESTATEE INDUSTRIAL PARK DR.,34.4502184,-83.9884186,GA,
"16811 KNOTT AVE., LA MIRADA, CA USA",41.7716400,-70.4916110,CA,
"8300 BOONE BLVD., STE 500, VIENNA, VA 22182, USA",38.9771910,-94.5930440,VA,
"1905 SOUTH MILLIKEN AVE., ONTARIO, CA 91761",33.6472798,-79.8180557,CA,
"4025 SPENCER STREET #403, CA",36.1160642,-115.1282135,CA,
"19A CHAPIN RD,PINE BROOK,NEW JERSEY,USA",32.7162780,-97.4484520,NJ,
"2475 MILL CENTER PARKWAY, SUITE 400, BUFORD, GA",44.5880473,-88.1606588,GA,
"1100 NE CIRCLE BLVD., SUITE200 CORVALLIS, OR",33.9475954,-84.3550333,OR,
"1624 W. CROSBY RD. SUITE 124, CARROLLTON, TX",33.4694340,-101.0753770,TX,
"5650 KNOTT AVE., BUENA PARK, CA ",41.7716400,-70.4916110,CA,
"1293 GLENWAY DR., STATESVILLE, NC 28625, USA",35.8135036,-80.8646231,NC,
"400 KELBY ST STE 1001,FORT LEE,NEW JERSEY,USA",40.8567430,-73.9739530,NJ,
"3701 WILSHIRE BLVD SUITE 1122 LOS ANGELES, CA",34.0623278,-118.3067979,CA,
"645 GRAND AVE STE 1A,RIDGEFIELD,NEW JERSEY,USA",40.8378767,-74.0069829,NJ,
"1804 E MAPLE RD. TROY, MI",53.4741300,-113.3512420,MI,
3155 WEST BIG BEAVER ROAD,42.5595767,-83.1900998,MI,
3155 WEST BIG BEAVER ROAD,42.5595767,-83.1900998,MI,
"36199 MOUND ROAD, STERLING HEIGHTS, MI",42.5593343,-83.0492389,MI,
"45 COMMERCE PKWY FREDERICKSBURG, VA 22406",38.3490165,-77.5053594,VA,
"19700 S. VERMONT AVE., SUITE 200, TORRANCE, CA 90502",33.8522241,-118.2904160,CA,
"20 W 33RD ST FL 10,NEW YORK,NEW YORK,USA",40.7538002,-74.0000643,NY,
"1261 WILEY RD STE K, SCHAUMBURG, IL",33.6407827,-88.3796648,IL,
"25 BROAD AVE STE 201,PALISADES PARK,NEW JERSEY,USA",40.9353069,-72.6350589,NJ,
"3605 LONG BEACH BLVD 334 LONG BEACH, CA ",33.8607006,-118.1490637,CA,
"3605 LONG BEACH BLVD #334., LONG BEACH CA",33.8607006,-118.1490637,CA,
"615 S FREDERICK AVE, SUITE 302B GAITHERSBURG, MD 20877",33.2616185,-93.2245241,MD,
"401 HACKENSACK AVE # 702,HACKENSACK,NEW JERSEY,USA",40.9084829,-74.0338109,NJ,
"2200 FLETCHER AVE 705B,FORT LEE,NEW JERSEY,USA",39.7580516,-86.1247533,NJ,
"333 SYLVAN AVE STE 224,ENGLEWOOD CLIFFS,NEW JERSEY,USA",40.8552294,-73.9906677,NJ,
7701 LAS COLINAS RIDGE #400,32.9119721,-96.9544569,TX,
"1100 COINER CT., CITY OF INDUSTRY, CA",33.9956470,-117.8952190,CA,
"3600 WILSHIRE BLVD., SUITE 836, LOS ANGELES, CA",34.0622784,-118.2988969,CA,
"THREE MEMORIAL PLAZA 840, GESSNER RD, SUITE 500, HOUSTON, TX",42.3266478,-71.0477801,TX,
"455 MADISON AVE,NEW YORK,NEW YORK,USA",40.7579804,-73.9747690,NY,
"700 EAST EL CAMINO REAL 
SUITE 300 
MOUNTAIN VIEW, CA",37.3775411,-122.0643861,CA,
"3003 N. 1ST STREET SUITE 316, SAN JOSE, CA",14.4369995,120.9991093,CA,
"530 HIGHLAND STATION DR STE 2003, SUWANEE, GA",39.3358965,-83.5932535,GA,
"400 CONCAR DR. SAN MATEO, CA",37.5539000,-122.3066220,CA,
"450 FASHION AVE STE 2505,NEW YORK,NEW YORK,USA",32.8725081,-80.0201620,NY,
"1311 NEEDHAM DRIVE, DALTON, GA",38.3318697,-121.9542482,GA,
"559 CLYDE AVE, SUITE 200, MOUNTAIN VIEW, CA",37.3993488,-122.0459344,CA,
"318 BLACKWELL ST DURHAM, NC 27701",35.9943285,-78.9042970,NC,
"493 OLD TRENTON ROAD, EAST WINDSOR, NJ 08512",35.1044469,-77.5002986,NJ,
"704 QUINCE ORCHARD ROAD GAITHERSBURG, MD 20878 UNITED STATES",39.1415191,-77.2267301,MD,
"20400 CENTURY BLVD, SUITE 200, GERMANTOWN, MD",39.1914875,-77.2651915,MD,
"20271 GOLDENROD LN GERMANTOWN, MD 20876",39.1868597,-77.2504130,MD,
9605 MEDICAL CENTER DR. #109 ROCKVILLE MD 20850,42.3540397,-83.0565631,MD,
"15627 S. BROADWAY GARDENA, CA",33.8899068,-118.2786627,CA,
"20627 GOLDEN SPRINGS DR., #2-G, DIAMOND BAR, CA 91789",33.6437155,-85.7857971,CA,
"2665 N FIRST STREET SUITE 110, SAN JOSE, CA 95134 ",37.3878703,-121.9301575,CA,
"5755 ROSSI LN A, GILROY, CA",36.9863783,-121.5478408,CA,
"601 MARSHALL ST, REDWOOD CITY, CA",48.4950428,-122.2312797,CA,
"215 W 40TH ST,NEW YORK,NEW YORK,USA",40.7553056,-73.9886148,NY,
"529 14TH STREET NORTHWEST #1000, WASHINGTON, DC 20045",28.7941143,-81.4184161,WA,
"SUITE 909, 529, 14TH STREET, NW, WASHINGTON DC 20045",32.7656327,-96.5875335,WA,
"4221 FORBES BLVD FL 1 LANHAM, MD 20706",38.9486997,-76.8264390,MD,
"625 MADISON AVE FRNT 3,NEW YORK,NEW YORK,USA",40.7632104,-73.9715007,NY,
"810 7TH AVE FL 37,NEW YORK,NEW YORK,USA",40.7628326,-73.9822756,NY,
"400 GALLERIA OFFICENTRE SOUTHFIELD, USA",42.4995150,-83.2919880,MI,
"100 ARRANDALE BLVD, SUITE 104,EXTON,PENNSYLVANIA,USA",40.0223730,-75.6597300,PA,
"690 WILSHIRE PL., LOS ANGELES, CA",27.7424331,-97.3832115,CA,
6101 REDWOOD SQUARE CTR # 122 VA 20121,38.8307984,-77.4331470,VA,
"38 INDUSTRIAL WAY E STE 5,EATONTOWN,NEW JERSEY,USA",40.2226565,-76.1101253,NJ,
"928 S. WESTERN AVE #233 LOS ANGELES, CA ",39.1646698,-91.8874644,CA,
"3683 SEVILLA DR FRISCO, TX",33.1480893,-96.8555757,TX,
"3440 WILSHIRE BLVD #916., LOS ANGELES, CA ",34.0613552,-118.2994343,CA,
"1400 BROADWAY RM 1414,NEW YORK,NEW YORK,USA",32.3152040,-102.5624770,NY,
2985 E. MIRALOMA AVE. V ANAHEIM CA 92806,30.2424990,-81.3924060,CA,
"7000 NEWINGTON RD SUIT H LORTON VA 22079, USA",38.7387841,-77.1842929,VA,
"18120 S. BROADWAY UNIT B, GARDENA, CA ",33.8660058,-118.2784038,CA,
"3494 DEPORT RD., HAYWARD, CA",39.4058515,-76.2937255,CA,
"&AMP;AMP;QUOT;4125 HOPYARD RD, SUITE 225-195, PLEASANTON, CA&AMP;AMP;QUOT;",37.6859161,-121.9025415,CA,
"SUITE NO: 221, 3003 N 1ST STREET, SAN JOSE, CA",37.3926421,-121.9335261,CA,
"377 VAN NESS SUITE 1205-1206 TORRANCE, CA ",37.7672525,-122.4175220,CA,
"940 N CENTRAL AVE., STE201A, WOOD DALE, IL",-11.1338739,-42.1095822,IL,
"589 8TH AVE FL 8,NEW YORK,NEW YORK,USA",40.7552744,-73.9914430,NY,
15660 DALLAS PARKWAY SUITE 1150,32.9621862,-96.8208343,TX,
"2200 FLETCHER AVE. SUITE 705A, FORT LEE, NJ 07024",39.7580516,-86.1247533,NJ,
"4801 WILSHIRE BLVD., SUITE 309, LOS ANGELES, CA 90010",40.8225900,-96.6535290,CA,
"4801 WILSHIRE BLVD., SUITE 290, LOS ANGELES",40.8225900,-96.6535290,CA,
4801 WILSHIRE BLVD 290,40.8225900,-96.6535290,CA,
"19200 MARKETPLACE AVE BLDG #3, KYLE TX, 78640",45.2719131,-75.7376327,TX,
"970 WOODLANDS PKWY, VERNON HILLS, IL",42.2079284,-87.9393625,IL,
"1952 GALLOWS RD STE 110, VIENNA, VA 22182",37.0878814,-79.3798209,VA,
"725 GRAND AVE STE 305,RIDGEFIELD,NEW JERSEY,USA",43.1643473,-77.5609406,NJ,
"196 PRINC.ETON HIGHTSTOWN,WEST WINDSOR,NEW JERSEY,USA",40.2992243,-74.6061669,NJ,
"500 S. STATE COLLEGE BLVD., FULLERTON, CA 92831",33.8665960,-117.8884651,CA,
3331 W BIG BEAVER RD #111,42.5602372,-83.1931251,MI,
10055 REGAL ROW,29.8735669,-95.5497696,TX,
"475 N MARTINGALE RD, STE 710, SCHAUMBURG, IL",42.0362560,-88.0345275,IL,
"4151 BURTON DRIVE, SANTA CLARA, CA",35.5636065,-121.0826807,CA,
"10922 MOONLIT FIELDS CT, HOUSTON, TX",29.9309660,-95.5821273,TX,
"3001 WEST BIG BEAVER ROAD #304, TROY MICHIGAN ",42.5601887,-83.1887318,MI,
3001 WEST BIG BEAVER RD #304,42.5601887,-83.1887318,MI,
"100 CHALLENGER RAOD, 6 FL, RIGEFIELD PARK, NEW JERSEY, USA",40.8531036,-74.0126694,NJ,
"4909 LOUISE DR STE 101,MECHANICSBURG,PENNSYLVANIA,USA",40.2027521,-76.9579954,PA,
"665 CLYDE AVE, MOUNTAIN VIEW, CA",37.4022423,-122.0481330,CA,
"600 GATEWAY BLVD., SOUTH SAN FRANCISCO CA",44.7704321,-93.2856521,CA,
"8000 REGENCY PKWY #585, CARY NC 27518",35.7282250,-78.7923580,NC,
"665 CLYDE AVE MOUNTAIN VIEW, CA",37.4022423,-122.0481330,CA,
"152 W 57TH ST FL 9,NEW YORK,NEW YORK,USA",40.7648665,-73.9796202,NY,
"3655 N FIRST ST, SAN JOSE, CA",37.4093479,-121.9460923,CA,
"1200 NEW HAMPSHIRE AVE., NW SUITE 550 WASHINGTON, DC 20036",38.9054211,-77.0479026,WA,
"11757 KATY FREEWAY, SUITE 800, HOUSTON, TEXAS",29.7840857,-95.5930672,TX,
"1330 AVE OF AMRCAS SUITE 1020NEW YORK,NEW YORK,USA",41.8362143,-72.5560651,NY,
"3655 N FIRST ST., SAN JOSE, CA 95134, USA",37.4092626,-121.9461138,CA,
"105 CHALLENGER RD FL 5,RIDGEFIELD PARK,NEW JERSEY,USA",40.8527530,-74.0107054,NJ,
"850 STEPHENSON HWY, TROY MI",42.5427356,-83.1206766,MI,
"6655 KNOTT AVE., BUENA PARK, CA ",33.8637141,-118.0118523,CA,
"1125 JANSEN FARM DRIVE ELGIN, IL",42.0604932,-88.3296198,IL,
"4010 BELL BLVD,FLUSHING,NEW YORK,USA",38.0576200,-80.7043231,NY,
"19 RECTOR ST FRNT 3,NEW YORK,NEW YORK,USA",41.7731280,-72.6398772,NY,
"600 WILSHIRE BLVD SUITE 201., LOS ANGELES, CA ",40.3344500,-76.0136480,CA,
"405 LEXINGTON AVE FL 35,NEW YORK,NEW YORK,USA",40.7519148,-73.9755300,NY,
"5650 BLAZER PKWY, SUITE 100, DUBLIN OHIO",40.0805131,-83.1296813,OH,
"620 8TH AVE FL 38,NEW YORK,NEW YORK,USA",40.7558971,-73.9892734,NY,
"1000 N OPDYKE RD STE E  AUBURN HILLS, MI 48326",33.5931483,-102.2754544,MI,
"1329 GATEWAY DR GALLATIN, TN",40.4066751,-105.1153017,TN,
"2667 PRODUCT DRIVE, ROCHESTER HILLS, MI USA",42.6428342,-83.1628434,MI,
"840 ROOSEVELT, 2F, IRVINE, CA 92620",33.6918257,-117.7680325,CA,
"910 ROOSEVELT SUITE 250., IRVINE, CA",33.6925000,-117.7667385,CA,
SAMHWA USA INC.,40.8542940,-73.9705094,NJ,
"8291 PATUXENT RANGE ROAD, JESSUP, MD 20794",39.1477254,-76.7989253,MD,
50 W. BIG BEAVER RD. ,42.5598429,-83.2209351,MI,
"SUITE 909, 529, 14TH STREET, NW, WASHINGTON DC 20045",32.7656327,-96.5875335,WA,
"4925 GREENVILLE AVE., SUITE 709, DALLAS, TX",32.8469141,-96.7702805,TX,
"110 ATLAS CT COLUMBIA, SC 29209",33.9569381,-80.9529085,SC,
"529 14TH STREET NORTHWEST #979, WASHINGTON, DC 20045",28.7941143,-81.4184161,WA,
"2033 GATEWAY PLACE SUITE 500, SAN JOSE, CA",37.3696173,-121.9234268,CA,
"1952 GALLOWS ROAD SUITE 110 VIENNA, VA 22182, USA",37.0878814,-79.3798209,VA,
"4318 BROGDON PLACE COVE, SUWANNE, GA ",34.0757370,-84.0558610,GA,
"475 N MARTINGALE RD, STE 710, SCHAUMBURG, IL",42.0362959,-88.0344202,IL,
"115 PRECISION BLVD. TELFORD, TN",36.2620411,-82.5585709,TN,
"SUITE 909, 529, 14TH STREET, NW, WASHINGTON DC 20045",32.7656327,-96.5875335,WA,
"3699 WILSHIRE BLVD SUITE 930  LOS ANGELES, CA",34.0617900,-118.3064430,CA,
"1 TECHNOLOGY DR., IRVINE, CA ",1.3131051,103.7737254,CA,
"SUITE 290, 2723 SOUTH STATE STREET, ANN ARBOR, MI ",37.6917122,-121.8051885,MI,
"2100 MAIN ST. #100, IRVINE, CA",41.7628267,-70.0776717,CA,
"16952 LEONARD RD, HOUSTON, TX",29.8477094,-95.1247059,TX,
"475 N MARTINGALE RD, STE 710, SCHAUMBURG, IL",42.0362560,-88.0345061,IL,
"450 OLD FORT RD, FORT DEPOSIT, AL",35.6363172,-82.1397825,AL,
"7360 MCWHORTER PL, ANNANDALE, VA 22003, USA",38.8293681,-77.1993583,VA,
"895 PARK BLVD., IDEA1 ATP. 628 SAN DIEGO, CALIFORNICA, USA",39.9185219,-75.0427256,CA,
3000 TOWN CENTER SUIT #1325,42.4780191,-83.2462393,MI,
"900 NORTH CHURCH ROAD ELMHURST, IL",40.3991211,-111.8834617,IL,
"1330 PICCARD DRIVE, STE. 103 ROCKVILLE, MD 20850",39.1033515,-77.1790001,MD,
"65 CHALLENGER RD STE 220,RIDGEFIELD PARK,NEW JERSEY,USA",42.1713447,-70.9350927,NJ,
"800 KLEIN ROAD SUITE 200 PLANO, TX",43.0001588,-78.7095135,TX,
"1261 WILEY RD, UNIT B SCHAUMBURG, IL",33.6407827,-88.3796648,IL,
"1 CENTERPOINTE DR 425, LA PALMA, CA",45.4215617,-122.7388853,CA,
"88 HARRISON PL,BROOKLYN,NEW YORK,USA",42.6545959,-71.3035363,NY,
"115 W COLLEGE DR. MARSHALL, MN",27.3606149,-82.5489317,NY,
"400 CONCAR DRIVE. SAN MATEO , CA",37.5539000,-122.3066220,CA,
"9975 TOLEDO PKWY #100., IRVINE, CA",33.6526504,-117.7087616,CA,
"225 N SHORE DR STE 400,PITTSBURGH,PENNSYLVANIA,USA",41.7598660,-85.0887704,PA,
"2211 FORTUNE DR, STE A, SAN JOSE, CALIFORNIA 95131, US",37.4013413,-121.8872816,CA,
"9975 TOLED WAY, SUITE 100, IRVINE, CA",33.6526594,-117.7088153,CA,
"2 APPLEGATE DR,ROBBINSVILLE,NEW JERSEY,USA",43.2178562,-78.4100684,NJ,
"7950 LEGACY DR, SUITE 400, PLANO, TX",33.0855249,-96.8373131,TX,
"6047 TYVOLA GLEN CIR CHARLOTTE, NC 28217",35.1657200,-80.8927816,NC,
"335 N. PUENTE STREET, UNIT D, BREA, CA 92821",33.9233488,-117.9166191,CA,
"475 N MARTINGALE RD, STE 710, SCHAUMBURG, IL",42.0362002,-88.0344417,IL,
"3000 W. OLYMPIC BLVD., LOS ANGELES, CA ",34.0525430,-118.3003456,CA,
"2170 PLEASANT HILL RD, DULUTH, GA 30096",33.6008704,-84.4651313,GA,
"600 3RD AVE FL 17,NEW YORK,NEW YORK,USA",40.7490992,-73.9761608,NY,
"1325 AVE OF THE AMRCAS,NEW YORK,NEW YORK,USA",43.1902099,-77.6000989,NY,
"191 STONE CONTAINER DR STE B CLARKSVILLE, TN",36.5800133,-87.2963260,TN,
"SUITE #324,, 3003 NORTH FIRST STREET, SAN JOSE CA, USA ",44.0464587,-123.0879718,CA,
"152 W 57TH STREET, 24TH FL, NEW YORK,NEW YORK,USA",40.7648665,-73.9796202,NY,
"850 STEPHENSON HIGHWAY, SUITE 305, TROY MI, USA",42.5427356,-83.1206766,MI,
"65 CHALLENGER RD STE 120,RIDGEFIELD PARK,NEW JERSEY,USA",42.1713447,-70.9350927,NJ,
"2615 FREEWOOD DR., DALLAS, TX",32.8710204,-96.8892250,TX,
"475 N MARTINGALE RD, STE 710, SCHAUMBURG, IL",52.4292523,-6.5105622,IL,
"850 STEPHENSON HIGHWAY SUITE 400, TROY, MI",42.5427356,-83.1206766,MI,
"12410 MILESTONE CENTER DRIVE, SUITE 600, GERMANTOWN, MD, 20876",39.2006346,-77.2629811,MD,
"1305 GRAHAM ST. BURLINGTON, NC, USA",36.0872797,-79.4166537,NC,
"19700 SOUTH VERMONT AVE. SUITE 200, TORRANCE, CA",33.8522241,-118.2904160,CA,
"400 NESTLE WAY,ALLENTOWN,PENNSYLVANIA,USA",40.5711165,-75.6399695,PA,
"325 N WIGET LN #140, WALNUT CREEK, CA ",37.9280881,-122.0273847,CA,
"3003 N 1ST ST, SAN JOSE, CA 95134",14.4369995,120.9991093,CA,
"800 NORTH ROLLING ROAD, CATONSVILLE, MD 21228",40.7688810,-73.6657040,MD,
"13826 BRADDOCK RD SUIT #A, CENTREVILLE, VA 20121",38.8370871,-77.4269287,VA,
"7328 LITTLE RIVER TURNPIKE #C, ANNANDALE, VA 22003",38.3980652,-98.0119966,VA,
"3301 NORTH RIDGE ROAD, ELLICOTT CITY, MD 21043",43.2125562,-78.8258709,MD,
"10780 FAIRFAX BOULEVARD, FAIRFAX, VA 22030",38.8563807,-77.3162025,VA,
"1407 BROADWAY RM 210,NEW YORK,NEW YORK,USA",32.3150423,-102.5624358,NY,
"4320 STEVENS CREEK BLVD #122, SAN JOSE, CA 95129",37.3216532,-121.9780830,CA,
"3530 WILSHIRE BLVD. STE 1700, LOS ANGELES, CA",34.0616527,-118.3017694,CA,
"575 MARKET ST. SUITE 2050., SAN FRANCISCO, CA",37.7895414,-122.4003752,CA,
1640 W 23RD ST. SUITE 100,34.6338232,-79.0183378,TX,
"801 HAMMOND STREET SUITE200, COPPELL, TEXAS",32.6794124,-97.3198136,TX,
"305 N. HEATHERWILDE BLVD, STE 120, PFLUGERVILLE, TX",30.4498710,-97.6381910,TX,
"13126 S. BROADWAY LOS ANGELES,CA ",33.9129994,-118.2782324,CA,
"19700 S. VERMONT AVE 200, TORRANCE, CA",33.8522241,-118.2904160,CA,
"1325 INTERNATIONAL BLVD. CLARKSVILLE, TN",33.6598802,-84.4229583,TN,
"8910 UNIVERSITY CENTER LN SYE400., SAN DIEGO, CA ",39.0563083,-77.4404845,CA,
"836 N. VICTORY BLVD., BURBANK, CA",42.0420414,-97.3876946,CA,
,,,,
"126 N SHIPLEY ST., SEAFORD, DE, 19973, USA",38.6392516,-75.6218922,DE,
"4801 WILSHIRE BLVD STE 218 LOS ANGELES, CA",40.8225900,-96.6535290,CA,
"3731 WILSHIRE BLVD. SUITE 612, LOS ANGELES, CA 90010",34.0619384,-118.3075131,CA,
"4375 GIDDINGS RD, AUBURN HILLS, MI 48326, USA",42.7202025,-83.2667859,MI,
"4812 LARWIN AVE., CYPRESS, CA",33.8160664,-118.0485409,CA,
"461 FROM RD FL 5,PARAMUS,NEW JERSEY,USA",40.9505623,-74.0698908,NJ,
"2025 GATEWAY PL, STE222 SAN JOSE, CA",37.3708001,-121.9243295,CA,
"55 E 59TH ST FL 11, NEW YORK,NEW YORK,USA",40.7637566,-73.9705252,NY,
"1 SKC DRIVE, COVINGTON, GA",33.6183120,-83.8177386,GA,
"3101 N 1ST ST, SAN JOSE, CA",14.4369995,120.9991093,CA,
"2200 E. DEVON AVE SUITE 317, DES PLAINE, IL",33.3304155,-111.7424800,IL,
"200 SPECTRUM CENTER DR., SUITE 300, IRVINE, CA ",33.6529890,-117.7442400,CA,
"910 ROOSEVELT STE 250, IRVINE, CA 92620",33.6925536,-117.7668243,CA,
"401 PROFESSIONAL DR, GAITHERSBURG, MD 20879",39.1614498,-77.2278758,MD,
"20280 S. VERMONT AVE., STE 200, TORRANCE, CA 90502",33.8467316,-118.2902943,CA,
"3003 NORTH 1ST STREET, #214",37.3926250,-121.9336226,CA,
101 WEST BIG BEAVER,43.2469305,-76.1210678,MI,
"9130 RED BRANCH SUITE U COLUMBIA, MD 21045, USA",31.0682394,-95.4060527,MD,
"22760 HAWTHORNE BLVD., #210, TORRANCE, CA ",40.4182875,-91.3951881,CA,
"9800 IRVINE CENTER DR., IRVINE, CA ",33.6522598,-117.8357503,CA,
"8868 RESEARCH BLVD, STE 203, AUSTIN, TX",30.3683552,-97.7199566,TX,
"8940 SORENSEN AVE. SANTA FE SPRINGS, CA 90670",33.9599431,-118.0622451,CA,
"777 E CAMPBELL RD, RICHARDSON, TX",43.0627992,-75.5961661,TX,
"29930 HUDSON DR, NOVI, MI",40.6485480,-74.6130480,MI,
"511 SOUTH HARBOR BLVD., UNIT V, LA HABRA, CA",33.9272159,-117.9341587,CA,
"262 W 38TH ST, SUTIE 906 906,NEW YORK,NEW YORK,USA",40.7544066,-73.9910440,NY,
"4569 FIRESTONE BLVD, SOUTH GATE, CA 90280",33.9558615,-118.1895366,CA,
"1545 FRANCISCO ST., TORRANCE, CA",33.8503376,-118.3060077,CA,
500N CENTRAL EXPY STE 210 PLANO TEXAS,33.0064728,-96.7064166,TX,
"236 EGIDI DR STE C, WHEELING, IL",42.1417556,-87.9251757,IL,
"648 GA-334, COMMERCE, GEORGIA",34.1748333,-83.4355160,GA,
"120 SYLVAN AVEUNE, SUITE 301, ENGLEWOOD CLIFFS, NEW JERSEY,USA",40.8693796,-73.9580744,NJ,
"1803 RESEARCH BOULEVARD, SUITE 603, ROCKVILLE, MD 20850",39.0968618,-77.1812439,MD,
"1952 GALLOWS ROAD SUITE 110 VIENNA, VA 22182, USA",38.9113270,-77.2274641,VA,
"1101 WILSON BLVD. SUITE 1650 ARLINGTON, VA, USA",38.8954259,-77.0698579,VA,
"19 FIRSTFIELD ROAD, GAITHERSBURG MD, USA",39.1381365,-77.2263372,MD,
"900 CIRCLE 75 PKWY SUITE 1500, ATLANTA, GA",33.8874580,-84.4679679,GA,
1980 POST OAK BLVD. SUITE 2000,30.8586266,-98.4275507,TX,
"2540 N. 1ST ST. STE 400, SAN JOSE, CA",44.0233748,-85.0283752,CA,
"5150 GREAT AMERICA PKWY, SANTA CLARA, CA",37.4034543,-121.9749586,CA,
"19700 S. VERMONT AVE., SUITE 200, TORRANCE",33.8522241,-118.2904160,CA,
"1636 PALISADE AVE STE 2,FORT LEE,NEW JERSEY,USA",40.8500640,-73.9686562,NJ,
"529 14TH STREET NORTHWEST #920, WASHINGTON, DC 20045",28.7941143,-81.4184161,WA,
"619 MOGONYE LN, ELGIN, TX",30.3600385,-97.3754902,TX,
"3255 WILSHIRE BLVD. STE 1717, LOS ANGELES",34.0618642,-118.2935661,CA,
"16200 TROJAN WAY, LA MIRADA, CA",33.8856470,-118.0157800,CA,
"3003 N 1ST ST, 339, SAN JOSE, CA",37.3925654,-121.9336763,CA,
8085 NW 90TH STREET,25.8558846,-80.3279324,FL,
"41150 JOY RD, PLYMOUTH, MI",42.3521978,-83.4435203,MI,
"65 CHALLENGER RD STE 240,RIDGEFIELD PARK,NEW JERSEY,USA",42.1713447,-70.9350927,NJ,
"1502 N BARBOR BLVD., #206, FULLERTON, CA USA",33.8868951,-117.9259328,CA,
"730 CORP.ORATE WOODS PKW., VERNON HILLS, IL",42.2184289,-87.9483412,IL,
"11001 PARK CHARLOTTE BLVD, CHARLOTTE, NC, USA",35.1469000,-80.9837840,NC,
"650 N. PUENTE ST., BREA, CA 92821",33.9282891,-117.9148321,CA,
"2053 LEMOINE AVE STE 2,FORT LEE,NEW JERSEY,USA",40.8530653,-73.9691732,NJ,
"13830 BRADDOCK RD # A12, CENTREVILLE, VA 20121",38.8355756,-77.4268585,VA,
"4231 MARKHAM ST G, ANNANDALE, VA 22003",43.6247730,-75.3668437,VA,
"10035 BALTIMORE NATIONAL PIKE, ELLICOTT CITY, MD 21042",39.2776904,-76.8575883,MD,
"11925 GEORGIA AVE. WHEATON, MD 20902",39.0511229,-77.0513138,MD,
"3360 W. OLYMPIC BLVD., 300, LOS ANGELES, CA",34.0525237,-118.3114448,CA,
"5900 BALCONES DR STE 100, AUSTIN, TX",30.3414800,-97.7549220,TX,
"23399 COMMERCE DRIVE, SUITE B-8 FARMINGTON HILLS, MI ",42.4619881,-83.4283124,MI,
"4801 WILSHIRE BLVD. SUITE 104, LOS ANGELES, CA 90010",40.8225900,-96.6535290,CA,
"23399 COMMERCE DRIVE, SUITE B-8, USA",42.4619881,-83.4283124,MI,
"6281 BEACH BLVD, STE 207, BUENA PARK, CA 90621",30.2914131,-81.5978764,CA,
"SPACE #54 100 SARATOGA VILLAGE BLVD.
BALLSTON SPA, NY, 12020",33.6830740,-117.9447978,NY,
"38777 SIX MILE RD, USA",42.4100012,-83.4274352,MI,
"222 BRUCE REYNOLDS BOULEVARD, SUITE 740, FORT LEE, NEW JERSEY, USA",40.8525312,-73.9646494,NJ,
"590 W. CENTRAL AVE SUITE E, BREA, CA",45.7697592,-108.5969811,CA,
"1952 GALLOWS ROAD SUITE 110 VIENNA, VA 22182, USA",37.0878814,-79.3798209,VA,
2615 FREEWOOD DR,32.8710204,-96.8892250,TX,
"357 VANNESS WAY SUITE 160, TORRANCE, CA ",33.8462115,-118.3209855,CA,
"26 GRAND COVE WAY,EDGEWATER,NEW JERSEY,USA",34.2667218,-88.6684560,NJ,
"530 7TH AVE, NEW YORK, NY 10018",40.7540102,-73.9888897,NY,
"300 INTERPACE PKWY # 360,PARSIPPANY,NEW JERSEY,USA",40.8695720,-74.4491250,NJ,
"9171 TOWNE CENTRE DR., STE 215, SAN DIEGO, CA",32.8720820,-117.2062920,CA,
"450 OLD PEACHTREE RD NW, SUWANEE, GA",37.1087792,-78.3162462,GA,
"450 OLD PEACHTREE RD NW #102, SUWANEE, GA",37.1087792,-78.3162462,GA,
"1755 WITTINGTON PLACE #320, DALLAS, TX ",32.9169958,-96.9201422,TX,
"17315 STUDEBAKER ROAD, SUITE 310, CERRITOS, CA",33.8737995,-118.0998213,CA,
"975 WEST IMPERIAL HIGHWAY, STE 110, BREA, CA",36.2059982,-96.2047529,CA,
"1550 KOHLERS CROSSING, KYLE, TX",30.0274497,-97.8517200,TX,
"13850 CERRITOS CORPORATE DR., STE C, CERRITOS, CA 90703",33.8845261,-118.0371707,CA,
"2221 B W. 190TH ST., TORRANCE, CA ",33.8592704,-118.3185008,CA,
"755 MEMORIAL PKWY STE 304,PHILLIPSBURG,NEW JERSEY,USA",40.6988766,-75.1750982,NJ,
,,,,
"377 E. CHAPMAN AVE. STE 110, PLACENTIA, CA",33.8718505,-117.8640155,CA,
1705 POPLAR DRIVE EXTENSION GREER SC 29651 USA,39.0830155,-108.5757734,SC,
1705 POPLAR DRIVE EXT SC 29651,39.0830155,-108.5757734,SC,
12012 WICKCHESTER LN. SUITE 130,29.7885660,-95.5965299,TX,
28055 HAGGERTY RD,42.5008514,-83.4365196,MI,
"7020 TROY HILL DR STE H ELKRIDGE, MD 21075",39.1957300,-76.7484607,MD,
"14620 INDUSTRY CIRCLE, LA MIRADA, CA",33.8770039,-118.0219722,CA,
"4801 WILSHIRE BLVD, STE 210",40.8225900,-96.6535290,CA,
"252 E 57TH ST APT 46D,NEW YORK,NEW YORK,USA",40.7591958,-73.9659409,NY,
"147 E. BRISTOL LANE, ORANGE, CA ",33.8273985,-117.8519769,CA,
"3003 N. 1ST ST., STE 322, SAN JOSE, CA 95134, USA",37.3925909,-121.9335583,CA,
"41875 W 11 MILE RD, NOVI, MI 48375 USA",42.4805698,-83.4602664,MI,
"2001 BUTTERFIELD RD. DOWNERS GROVE, IL",41.8308235,-88.0329761,IL,
"4320 STEVENS CREEK BLVD #129 SAN JOSE, CA",37.3216532,-121.9780830,CA,
"9840 MAIN ST., 100, FAIRFAX, VA 22031, USA",43.8959033,-75.3922728,VA,
"19700 S. VERMONT AVE., SUITE 200, TORRANCE",33.8522241,-118.2904160,CA,
"3003 NORTH 1ST ST #333, SAN JOSE, CA",14.4369995,120.9991093,CA,
"7023 LITTLE RIVER TURNPIKE ANNANDALE VA 22003, USA",38.3980652,-98.0119966,VA,
"830 GA-42 SOUTH, MCDONOUGH, GA, 30252",31.1701640,-81.7594840,GA,
3155 W BIG BEAVER RD STE. 200A TROY MI,42.5596045,-83.1899797,MI,
"230 COMMERCE #190, IRVINE, CA",36.1403821,-92.1195655,CA,
"17785 CENTER COURT DR., SUITE 260, CERRITOS, CA",42.3890948,-87.9575896,CA,
"17901 VON KARMAN AVE., STE 875 IRVINE, CA",33.6830395,-117.8496430,CA,
"100 W FOREST AVE STE J,ENGLEWOOD,NEW JERSEY,USA",40.8870343,-73.9852019,NJ,
"111 SYLVAN AVE LEVEL 2,ENGLEWOOD CLIFFS,NEW JERSEY,USA",41.5440407,-72.8229508,NJ,
"1518 N. ENDEAVOR LANE, SUITE B, ANAHEIM, CA 92801",43.0582899,-89.4737725,CA,
"14229 CHERRY LANE COURT, LAUREL, MD 20707",38.9990149,-75.9163547,MD,
"5385 RAFE BANKS DR. FLOWERY BRANCH, GA",34.2121328,-83.9186659,GA,
"3731 WILSHIRE BLVD., #850, LOS ANGELES, CA 90010",34.0619384,-118.3075131,CA,
"400 CONCAR DR, SAN MATEO, CALIFORNIA",37.5539000,-122.3066220,CA,
"850 STEPHENSON HWY SUIT #400, TROY MI USA",42.5427356,-83.1206766,MI,
"1112 BRYANT ST 3RD FLOOR, SAN FRANCISCO, CA",37.7710921,-122.4091733,CA,
"99 MURRAY HILL PKWY STE 5,EAST RUTHERFORD,NEW JERSEY,USA",46.0654126,-61.3447887,NJ,
"3031 TISCH WAY, 110 PLAZA WEST, SAN JOSE, CA 95128",37.3179535,-121.9478071,CA,
"8 BARTLES CORNER RD # 204,FLEMINGTON,NEW JERSEY,USA",40.5363119,-74.8558480,NJ,
"2855 COOLIDGE HWY STE 110 TROY, MI USA",42.5589497,-83.1882623,MI,
"12750 CENTER COURT DR., SUITE 290, CERRITOS, CA 90703",41.0585315,-75.0705932,CA,
"777 TERRACE AVE FL 4,HASBROUCK HEIGHTS,NEW JERSEY,USA",39.9392125,-83.0652704,NJ,
850 STEPHENSON HWY SUITE 400 TROY MI,42.5427356,-83.1206766,MI,
"111 CHARLOTTE PL STE 301,ENGLEWOOD CLIFFS,NEW JERSEY,USA",43.4523152,-80.4505506,NJ,
"295 MADISON AVE RM 1808,NEW YORK,NEW YORK,USA",40.7517813,-73.9793366,NY,
"N8W22380 JOHNSON DR, WAUKESHA, WI",43.0433342,-88.1943282,WI,
"201 MICHAEL ANGELO WAY, AUSTIN, TX",25.7440281,-100.3948923,TX,
"3350 MARQUIS DR. GARLAND, TX",32.9016708,-96.6813964,TX,
"600 N BUFFALO GROVE RD, BUFFALO GROVE, IL",42.8867166,-78.8783922,IL,
150KIRTS BLVD. STE. A,40.7362249,-74.0082296,MI,
"525 7TH AVE RM 1409,NEW YORK,NEW YORK,USA",40.7535797,-73.9884742,NY,
"9605 MEDICAL CENTER DR., SUITE 200 ROCKVILLE, MD 20850, USA",39.1050165,-77.1966505,MD,
"1521 NC HWY 54 DURHAM, NC 27713",50.5180856,5.2408138,NC,
"501 ASHTON GREEN BLVD. NEWPORT NEWS, VA 23608",37.1580885,-76.5460713,VA,
"4115 ANNANDALE RD., #305 ANNANDALE, VA 22003",38.8346323,-77.1973996,VA,
"1952 GALLOWS RD., SUITE 110 VIENNA, VA 22182, USA",37.0878814,-79.3798209,VA,
"16610 MARQUARDT AVE., CERRITOS, CA ",33.8804562,-118.0376916,CA,
"605 FAIRCHILD DR, MOUNTAIN VIEW, CA",37.4026416,-122.0491572,CA,
"25111 NOTHERN BLVD STE 2D,LITTLE NECK,NEW YORK,USA",40.7694686,-73.7369501,NY,
"3003 N 1ST ST SUITE #341, SAN JOSE, CA 95134",37.3922464,-121.9335843,CA,
"17250 DALLAS PKWY #8, DALLAS, TX",32.9852941,-96.8274581,TX,
"650 S. HILL ST., PLAZA 2, BOOTH H18, LOS ANGELES, CA",34.1250390,-79.9422927,CA,
"475 N MARTINGALE RD, STE 710, SCHAUMBURG, IL",42.0366158,-88.0364984,IL,
"2775 W ALGONQUIN RD, STE 110, ROLLING MEADOWS, IL",42.0586966,-88.0103000,IL,
"700 ENTERPRISE DR. LEXINGTON, KY",38.0635190,-84.5476970,KY,
"21 BON AIR DR,WARMINSTER,PENNSYLVANIA,USA",39.8962118,-74.9034400,PA,
"210 SYLVAN AVE STE 24,ENGLEWOOD CLIFFS,NEW JERSEY,USA",40.8715733,-73.9556084,NJ,
"252 GARVIN LN. FRANKLIN, KY",36.7216076,-86.5157752,KY,
2112 MEIJER DRIVE,42.5377994,-83.1823115,MI,
4801 WILSHIRE BOULEVARD 280,34.0625733,-118.3350530,CA,
"127 WEST 30TH ST, UNIT #1014, NEW YORK, NY",40.7479604,-73.9909763,NY,
"6131 ORANGETHROPE SUITE 420., BUENA PARK, CA ",33.8596806,-118.0260987,CA,
46470 DESOTO CT NOVI MI 48377,42.5106870,-83.5083049,MI,
"39 CANAL ST,NEW YORK,NEW YORK,USA",40.7148142,-73.9911974,NY,
"230 W MONROE ST STE 1950 CHICAGO, IL",43.0490865,-74.8707690,IL,
"2552 LAUREL CANYON BLVD., LOS ANGELES, CA 90046",34.1177848,-118.3754283,CA,
"3510 TORRANCE BLVD., SUITE 217, TORRANCE, CA",33.8360734,-118.3468585,CA,
"440 N WOLFE RD, SUNNYVALE, CA 94085",37.3835417,-122.0131940,CA,
"1250 METROPOLITAN AVE,BROOKLYN,NEW YORK,USA",40.7141734,-73.9259495,NY,
"12411 MCCANN DR, SANTA FE SPRINGS, CA 90670",33.9469520,-118.0679825,CA,
"19700 S.VERMONT AVENUE, SUITE 200, TORRANCE, CA 90502",33.8522241,-118.2904160,CA,
"10 MICHELLE WAY, PINE BROOK, NJ ",43.5088739,-70.4939882,NJ,
"7315 WISCONSIN AVE. BETHESDA, MD 20817, USA",38.9824443,-77.0930400,MD,
"475 N MARTINGALE RD, STE 710, SCHAUMBURG, IL",42.0366158,-88.0364984,IL,
"3040 OLCOTT ST., SANTA CLARA, CA",37.3767566,-121.9674071,CA,
"1031 W. MANCHESTER BLVD., INGLEWOOD , CA 90301",33.9602890,-118.3746160,CA,
"111 SYLVAN AVE BLDG L3,ENGLEWOOD CLIFFS,NEW JERSEY,USA",40.8693514,-73.9562332,NJ,
"110 W. GREEN ST., PASADENA, CA",42.4387801,-76.4994917,CA,
"910 SYLVAN AVE STE 160,ENGLEWOOD CLIFFS,NEW JERSEY,USA",40.8977176,-73.9420625,NJ,
"1252 BELL VALLEY RD. SUITE 220, ROCKFORD, IL",43.8610530,-71.6094670,IL,
959 KIRBY DR HOUSTON TX,29.7587631,-95.4120707,TX,
"10501 S CRATER RD, PETERSBURG, VA 23805",37.1685407,-77.3574040,VA,
"6465 E JOHNS CROSSING #200, JOHNS CREEK, GA",34.0635500,-84.1677950,GA,
"1660 L STREET NW SUITE 430, WASHINGTON, DC 20036",38.9034250,-77.0381187,WA,
"1475 WOODFIELD RD. SUITE 430, SCHAUMBURG, IL",42.0422057,-88.0432171,IL,
"900 WILSHIRE #204, TROY, MI",42.5654497,-83.1648863,MI,
"430 BURNS LN, SAN MATEO, CA",34.2392321,-84.3817221,CA,
"10497 TOWN AND COUNTRY WAY, STE140",38.6122751,-90.4634532,TX,
"222 SOUTH HARBOR BLVD SUITE 1020, ANAHEIM, CA ",33.7425018,-118.2794856,CA,
"3392 COMMERCIAL AVE, NORTHBROOK, IL",42.1465788,-87.8627158,IL,
4801 WILSHIRE BOULEVARD 104,34.0624399,-118.3349764,CA,
"2315 MOORE AVE, FULLERTON, CA",34.2158752,-88.7568644,CA,
"2315 MOORE AVE, FULLERTON, CA ",34.2158752,-88.7568644,CA,
"601 S. FIGUROA ST SUITE 4600, LOS ANGELES, CA",34.0509931,-118.2592659,CA,
"1100 HICKS RD., ROLLING MEADOW, IL",36.1671920,-88.0642370,IL,
"3350 W BAYSHORE RD, PALO ALTO, CA",37.4359314,-122.1105482,CA,
"19700 S. VERMONT AVE., SUITE 200, TORRANCE, CA",33.8522241,-118.2904160,CA,
"548 MARKET ST #42341 SAN FRANCISCO, CALIFORNIA",37.7902299,-122.4006363,CA,
"19700 S VERMONT AVE., STE 200, TORRANCE, CA",33.8522241,-118.2904160,CA,
"10400 EATON PL SUITE 220, FAIRFAX, VA 22030",38.8618521,-77.3053418,VA,
"2110 COLORADO AVE. SUITE 200, SANTA MONICA, CA ",34.0259159,-118.4757553,CA,
"20280 S. VERMONT AVE. SUITE 200, TORRANCE",33.8467316,-118.2902943,CA,
3030 LBJ FWY #1690 DALLAS TX,32.9254892,-96.8114564,TX,
"139 SPECTACLE, IRVINE, CA 92618",33.6790578,-117.7199290,CA,
"7942 CLUNY COURT #N, SPRINGFIELD, VA 22153",38.7442130,-77.2088559,VA,
"13422 ALONDRA BLVD., CERRITOS, CA 90703",33.8877798,-118.0456498,CA,
"13422 ALONDRA BLVD, CERRITOS, CA 90703",33.8877798,-118.0456498,CA,
"8506 OSAGE AVE, LOS ANGELES, CA",33.9610580,-118.3786797,CA,
"152W 36TH STREET #606, USA",40.7519820,-73.9891171,NY,
11757 KATY FREEWAY SUITE910,29.7840378,-95.5931206,TX,
"4801 WILSHIRE BOULEVARD 302 LOS ANGELES, CA",34.0625270,-118.3350559,CA,
"400 KELBY ST. SUITE 1602, FORT LEE, NJ 07024, USA",40.8565087,-73.9734410,NJ,
"5509 WILSHIRE BLVD SUITE 201 LOS ANGELES, CA",34.0628658,-118.3486794,CA,
"900 17TH ST NW SUITE 910, WASHINGTON, DC 20006, USA",38.9015540,-77.0397328,WA,
"15 E 40TH ST RM 701,NEW YORK,NEW YORK,USA",40.7519087,-73.9805942,NY,
"12750 CENTER COURT DRIVE S #275 CERRITOD, CA",33.8677535,-118.0605665,CA,
"12750 CENTER COURT DR. S. #255, CERRITOS, CA 90703",33.8678823,-118.0604704,CA,
"915 WILSHIRE BLVD SUITE 1640 LOS ANGELES, CA",34.0512407,-118.2599685,CA,
"460 PARK AVE, NY, USA",40.7619482,-73.9708111,NY,
"1660 L ST., NW SUITE 401 WASHINGTON, DC 20036, USA",36.1898229,-115.1597264,WA,
"529 14TH STREET NW SUITE#1055, WASHINGTON DC 20045, USA",38.8969522,-77.0315525,WA,
"525 MIDDLEFIELD RD, SUITE 100, MENLO PARK, CA 94025, USA",37.4579868,-122.1718633,CA,
"1001 CONNECTICUT AVE., NW, SUITE 435, WASHINGTON DC, USA",38.9032961,-77.0397342,WA,
"3003 NORTH FIRST STREET, SAN JOSE, CA, 95134",37.3922464,-121.9335843,CA,
"1250 BROADWAY, 37FL ,NEW YORK,NEW YORK,USA",40.7476660,-73.9878545,NY,
"5599 SAN FELIPE ST, SUITE 725",29.7499610,-95.4743400,TX,
"400 KELBY ST STE 7,FORT LEE,NEW JERSEY,USA",40.8564346,-73.9738017,NJ,
"8100 BOONE BLVD., STE 620, VIENNA, VA 22182, USA",38.9137236,-77.2258825,VA,
"1300 L ST., NW SUITE 825, WASHINGTON, DC 20005, USA",40.0053326,-75.1028131,WA,
"1667 K ST., NW SUITE 450 WASHINGTON, DC 20006, USA",40.2422150,-75.1348969,WA,
"12750 CENTER CT DR S. CERRITOS, CA ",43.9389186,-70.2983546,CA,
"7601 LITTLE RIVER TURNPIKE SUITE 300 ANNADALE, VA 22003",38.8319304,-77.2076304,VA,
"3003 NORTH FIRST STREET, SAN JOSE, CA",37.3922464,-121.9335843,CA,
"1000 WESTINGHOUSE DR,CRANBERRY TOWNSHIP,PENNSYLVANIA,USA",40.6822630,-80.0862950,PA,
4801 WILSHIRE BOULEVARD 205 LOS ANGELES CA,34.0625555,-118.3349994,CA,
"5509 WILSHIRE BLVD., LOS ANGELES, CA",34.0621790,-118.3485796,CA,
"333 COMMERCE STREET, SUITE 600 NASHVILE, TN",36.1620757,-86.7771178,TN,
"2950 INTERNATIONAL BLVD, CLARKSVILLE, TN",33.6608115,-84.4227301,TN,
"475 N MARTINGALE RD, STE 710, SCHAUMBURG, IL",42.0366158,-88.0364984,IL,
"575 MARKET ST. SUITE 2050, SAN FRANCISCO, CA",37.7896814,-122.4002911,CA,
"8245 BOONE BLVD. STE 560, VIENNA, VA, USA",38.9155500,-77.2324630,VA,
"8245 BOONE BLVD. STE 560, VIENNA, VA, USA",38.9155500,-77.2324630,VA,
"6000 WESTERN PLACE SUITE 350 FORT WORTH, TX",32.7358571,-97.4163734,TX,
"16700 VALLEY AVE LA MIRADA, CA ",37.6993258,-122.0995372,CA,
"20280 S VERMONT AVE., TORRANCE,CA ",33.8467316,-118.2902943,CA,
"1952 GALLOWS RD., SUITE 330, VIENNA, VA 22182, USA",37.0878814,-79.3798209,VA,
"20 KILMER RD,EDISON,NEW JERSEY,USA",43.0989275,-73.9309705,NJ,
"561 FASHION AVE FL 4,NEW YORK,NEW YORK,USA",40.7549381,-73.9875535,NY,
"400 KELBY ST STE 6,FORT LEE,NEW JERSEY,USA",40.8565272,-73.9738581,NJ,
"140 SYLVAN AVE STE 201,ENGLEWOOD CLIFFS,NEW JERSEY,USA",40.8697935,-73.9574903,NJ,
5319 BROWN AVE. SAINT LOUIS MO,38.6844350,-90.2553472,NJ,
"821 GRAND AVE PKWY STE201, PFLUGERVILLE, TX",30.4598407,-97.6488238,TX,
"9605 MEDICAL CENTER DR., #290 ROCKVILLE, MD 20850, USA",39.1050165,-77.1966505,MD,
"3680 WILSHIRE BLVD 301 LOS ANGELES, CA",34.0609641,-118.3063762,CA,
"15913 S.MAIN STREET, GARDENA, CA",41.5656167,-79.5810777,CA,
"3003 NORTH FIRST STREET, #330",37.3922464,-121.9335843,CA,
"17871 PARK PLAZA DR SUITE 185 CERRITOS,CA",33.8692945,-118.0632594,CA,
"19 SOUTH PARK STREET, SAN FRANCISCO, CALIFORNIA, 94107",44.8090395,-68.7730367,CA,
"410 PARK AVE. STE 1530 ,NEW YORK,NEW YORK,USA",52.9774365,-2.1418925,NY,
"95 FEDERAL ST 2ND FL, SAN FRANCISCO, CA",6.3585803,5.6268739,CA,
"300 FRANK W BURR BLVD, SUITE 52TEANECK,NEW JERSEY,USA",40.8734797,-74.0067601,NJ,
"1400 CRYSTAL DRIVE SUITE 860, ARLINGTON, VA, USA",38.8612367,-77.0497892,VA,
"501 SECOND STREET, SUITE 500 SAN FRANCISCO, CA",29.9225576,-90.0761738,CA,
"925 WASHBURN SWITCH ROAD SHELBY, NC 28150",35.3258907,-81.6225828,NC,
300 NEXUS DR,34.6407513,-84.5805408,GA,
"500 FRANK W BURR BLVD, SUTITE 43TEANECK,NEW JERSEY,USA",40.8722925,-74.0065991,NJ,
"555 THEODORE FREMD AVE,RYE,NEW YORK,USA",40.9708619,-73.7051238,NY,
"168 5TH AVE STE 301,NEW YORK,NEW YORK,USA",46.4873133,-84.4026618,NY,
"3141 FAIRVIEW PARK DR., SUITE 850 FALLS CHURCH, VA 22042, USA",38.8602497,-77.2162346,VA,
"904 RUSSELL AVE, GAITHERSBURG, MD 20879",38.4690373,-122.7328508,MD,
"8651 CENTREVILLE RD, MANASSAS, VA 20111",38.7653090,-77.4569860,VA,
"1707 MOUNT VERNON AVENUE, ALEXANDRIA, VA 22301",38.8218080,-77.0574586,VA,
"10925 FAIRFAX BOULEVARD, FAIRFAX, VA 22030",38.8525844,-77.3210292,VA,
"6100 ATLANTIC BLVD NORCROSS, GA",33.9410151,-84.2331040,GA,
"24 HICKS AVE,SYOSSET,NEW YORK,USA",40.8032890,-73.4989655,NY,
"41873 ECORSE RD., SUITE 250, BELLEVILLE, MI",42.2490601,-83.4526874,MI,
"17305 VON KARMAN AVE., SUITE 200 IRVINE",33.6902418,-117.8416991,CA,
"1300 VIRGINIA DR STE 103,FORT WASHINGTON,PENNSYLVANIA,USA",40.1422886,-75.1711350,PA,
14251 FIRESTONE BLVD LA MIRADA CA,33.8843620,-118.0264795,CA,
"25 NORTHWEST POINT, SUITE 675, ELK GROVE VILLAGE, IL",42.0325664,-87.9847047,IL,
"39205 COUNTRY CLUB DRIVE, SUITE C-9",32.3275535,-90.2483832,MI,
"660 N. CAPITOL ST. #800 WASHINGTON, DC 20001",31.5686101,-93.4840640,WA,
"16200 PARK ROW, SUITE 270, HOUSTON TX 77084",29.7890220,-95.6625830,TX,
21250 HAWTHORNE BLVD #775 TORRANCE CA,40.9531658,-74.1431262,CA,
"2050 CENTER AVE,FORT LEE,NEW JERSEY,USA",44.0747793,-116.9167552,NJ,
21250 HAWTHORNE BLVD.#775. TORRANCE. CA,33.8365696,-118.3527103,CA,
"1335 TERRA BELLA AVE., MOUNTAIN VIEW, CA",37.4096896,-122.0821052,CA,
"300 SYLVAN AVE, 2ND FL, ENGLEWOOD CLIFFS,NEW JERSEY,USA",41.5397355,-73.0285873,NJ,
18300 S WILMINGTON AVE #160 RANCHO DOMINGUEZ,33.8675505,-118.2355439,CA,
511 S HARBOR BLVD #V LA HABRA CA ,33.8659904,-117.9241131,CA,
1150 STEPHENSON HWY,42.4992843,-83.1179818,MI,
"555 BOND STREET, LINCOLNSHIRE, IL",42.9437220,-81.8771422,IL,
275 NORTHPOINTE DR,36.3707418,-92.3933920,MI,
"275 NORTHPOINTE DR, FAIRFIELD, OH",36.3707418,-92.3933920,OH,
"2865 RIVERPORT ROAD, MEMPHIS, TN",35.0811547,-85.2691743,TN,
"15801 BRIXHAM HILL AVE., SUITE 250, CHARLOTTE, NC 28277",35.0582920,-80.8528670,NC,
930 RIDGEBROOK RD STE 200 MD 21152,39.5258013,-76.6549842,MD,
"2222 GREENHOUSE RD, HOUSTON, TX 77084",29.7929872,-95.7032863,TX,
"3636 NOBEL DR., SUITE 210, SAN DIEGO, CA 92122",44.8375845,-91.4596808,CA,
555 AIRPORT BLVD SUITE 305 BURLINGAME CA,37.5890842,-122.3392189,CA,
"9515 DEERECO ROAD, SUITE 500, TIMONIUM, MD 21093",39.4519668,-76.6395511,MD,
"10501 S CRATER RD PETERSBURG, VA 23805",37.1685407,-77.3574040,VA,
"3003 N FIRST ST, SAN JOSE, CA",37.3922464,-121.9335843,CA,
"5700 WILSHIRE BLVD. SUITE 550, LOS ANGELES, CA ",34.0616965,-118.3534740,CA,
6832 E SLAUSON AVE COMMERCE CA,33.9819344,-118.1409291,CA,
"300 S. GRAND AVE., SUITE 1100, LOS ANGELES, CA 90071",41.3023723,-96.1735429,CA,
"151 REGAL ROW , SUITE 112",32.8129596,-96.9017706,TX,
"259 CASABLANCA DR #219, MACON, GA",32.8174013,-83.5625471,GA,
"3460 WILSHIRE BLVD. SUITE 1124, LOS ANGELES, CA 90010",34.0614474,-118.2994286,CA,
"18191 VON KARMAN AVE., #100, IRVINE, CA",33.6789804,-117.8517723,CA,
"1440 KAPIOLANI BLVD., SUITE 950, HONOLULU, HI",21.2934655,-157.8426622,HI,
"3600 NEW YORK AVE NORTHEAST, WASHINGTON D.C. 20002",38.9169932,-76.9550309,WA,
2011 CENTERPOINT PKW,42.6168778,-83.2600487,MI,
"303 FELLOWSHIP RD STE 105,MOUNT LAUREL,NEW JERSEY,USA",39.9473038,-74.9509330,NJ,
"126 2ND AVE, SAN MATEO, CA",42.6353007,-73.7405888,CA,
"845 MARKET STREET, SUITE 450 SAN FRANCISCO CA ",37.7841111,-122.4063779,CA,
"650 N. PUENTE STREET, BREA, CA",33.9287390,-117.9155340,CA,
"1 RESEARCH COURT, SUITE 370 ROCKVILLE, MD 20850",39.1065180,-77.1851761,MD,
"19700 S. VERMONT AVE. SUITE 200, TORRANCE, CA ",33.8522241,-118.2904160,CA,
"690 WILSHIRE PL., LOS ANGELES, CA ",27.7424331,-97.3832115,CA,
"565 5TH AVE FL 24,NEW YORK,NEW YORK,USA",29.2222997,-81.0089200,NY,
"55 CHALLENGER RD STE 302,RIDGEFIELD PARK,NEW JERSEY,USA",40.8468218,-74.0126995,NJ,
"505 N. BRAND BLVD. SUITE 220, GLENDALE, CA ",34.2863823,-118.4337871,CA,
"625 S. KINGSLEY DR., LOS ANGELES, CA",34.0611698,-118.3031815,CA,
"2 EXECUTIVE DR STE 720,FORT LEE,NEW JERSEY,USA",40.8653443,-73.9728173,NJ,
"888 VILLA ST SUITE 500, MOUNTAIN VIEW, CA",37.3944319,-122.0797298,CA,
"777 S. FIGUEROA ST., SUITE #300, LOS ANGELES, CA 90017 ",33.7788699,-118.2795854,CA,
"460 PARK AVE RM 1506,NEW YORK,NEW YORK,USA",40.7622511,-73.9711278,NY,
"3483 SATELLITE BLVD 312 S, DULUTH",34.0253937,-84.0647929,GA,
"2 PENN PLZ RM 1995,NEW YORK,NEW YORK,USA",40.7501669,-73.9922642,NY,
"12750 CENTER COURT DR. SUITE 100, CERRITOS, CA ",33.8678872,-118.0603519,CA,
"17291 IRVINE BLVD. SUITE 209, TUSTIN, CA 92780",33.7494870,-117.8306674,CA,
3505 KOGER BLVD SUITE 350 DULUTH GA 30096,33.9498088,-84.1233215,GA,
"3224 W. OLYMPIC BLVD. SUITE 207, LOS ANGELES, CA 90006",34.0525268,-118.3066694,CA,
"836 N. VICTORY BLVD. BURBANK, CA",34.1833014,-118.3211263,CA,
"1155 F ST, NW, SUITE 275 WASHINGTON DC 20004",40.7963535,-124.1644858,WA,
"111 SYLVAN AVE,ENGLEWOOD CLIFFS,NEW JERSEY,USA",41.5440407,-72.8229508,NJ,
"1425 K ST., NW, STE 1010 WASHINGTON DC 20005, USA",40.2422013,-75.1342238,WA,
"2540 N 1ST ST., STE 400 SAN JOSE, CA 95131, USA",37.3842520,-121.9247781,CA,
"2540 N. FIRST ST. #400, SAN JOSE, CA",37.3843040,-121.9247661,CA,
"2540 NORTH FIRST STREET SUITE 400, SAN JOSE, CA 95131",37.3842520,-121.9247781,CA,
"9201 FORSYTH PARK DR. CHARLOTTE, NC USA 28273",35.1354193,-80.9542377,NC,
111 W OCEAN BLVD SUITE 430 LONG BEACH CA,33.7670918,-118.1950050,CA,
"111 W OCEAN BLVD., SUITE 430, LONG BEACH, CA 90802",33.7670918,-118.1950050,CA,
2801 ANACONDA RD NORTH CAROLINA 27886,35.9115453,-77.5876444,NC,
"6900 CORPORATION PARKWAY, BATTLEBORO, NC 27809",36.0560482,-77.8201986,NC,
"770 THE CITY DR. SUITE 7300, ORANGE, CA ",33.7850964,-117.8887941,CA,
"2952 BUNKER HILL LN #101 SANTA CLARA, CA",37.4049583,-121.9789895,CA,
"770 THE CITY DR., SUITE 7300, ORANGE, CA",33.7850964,-117.8887941,CA,
"3400 W. 6TH ST., 4TH FLOOR, LOS ANGELES, CA ",38.9721962,-95.2793907,CA,
"6822 MONTIVIDEO SQ CT, FALLS NCHURCH, VA 22043",38.9073282,-77.1812172,VA,
"120 W 45TH STREET, #3010,NEW YORK,NEW YORK,USA",40.7570159,-73.9839641,NY,
"5300 WILLOW CREEK DR SW CEDAR RAPIDS, IA",36.1372613,-94.1864631,IA,
"920 MORRISVILLE PARKWAY MORRISVILLE, NC, USA",35.8102230,-78.8172212,NC,
3530 WILSHIRE BLVD. SUITE 10000,34.0609003,-118.3011079,CA,
"4770 CHINO AVE., SUITE C, CHINO, CA 91710",34.0118232,-117.7007333,CA,
"141 W 36TH ST FL 20,NEW YORK,NEW YORK,USA",40.7520125,-73.9884984,NY,
"850 STEPHENSON HWY, STE 305",42.5427356,-83.1206766,MI,
"1300 POST OAK BLVD, STE 510, HOUSTON, TX 77056",29.7531357,-95.4603199,TX,
"815 CONNECTICUT AVE. NW, SUITE 275 WASHINGTON DC 20006",38.9006413,-77.0378587,WA,
"17785 CENTER CT. DR. N. SUITE 375, CERRITOS, CA ",43.9389186,-70.2983546,CA,
"11700 KATY FREEWAY, SUITE 900, MAILBOX 121, HOUSTON, TX",29.7852590,-95.7185986,TX,
"1980 POST OAK BLVD STE., 2000, HOUSTON, TX",29.7463326,-95.4616450,TX,
"1300 IST NW STE 400E WASHINGTON, DC 20005",38.9524011,-77.0461754,WA,
"12460 AKRON ST SUITE 100, RANCHO CORDOVA, CA",38.6288244,-121.2076571,CA,
"&AMP;AMP;QUOT;3103 NORTH FIRST STREET SAN JOSE, CA &AMP;AMP;QUOT;",37.3987422,-121.9384565,CA,
"5511 CAPITAL CENTER DRIVE, SUITE #330 RALEIGH NC 27606",35.7677972,-78.7272228,NC,
"311 FRANK L DIGGS DR. CLINTON, TN",36.1515126,-84.0808198,TN,
"3237 SATELLITE BOULEVARD, SATELLITE PLACE 300 SUITE 475",33.9640635,-84.1198795,GA,
"6464 W. SUNSET BLVD. SUITE 970, LOS ANGELES, CA",34.0976467,-118.3313287,CA,
